year,week_index,start_day,end_day,deaths,baseline,excess
1992,0,1,7,2596,2330.641,-0.025375
1992,1,8,14,2188,2326.367,-0.059478
1992,2,15,21,2167,2267.811,-0.044453
1992,3,22,28,2259,2214.298,0.020188
1992,4,29,35,2270,2203.206,0.030317
1992,5,36,42,2257,2206.239,0.023008
1992,6,43,49,2309,2207.084,0.046177
1992,7,50,56,2215,2194.247,0.009458
1992,8,57,63,2133,2182.843,-0.022834
1992,9,64,70,2035,2168.220,-0.061442
1992,10,71,77,1967,2159.222,-0.089024
1992,11,78,84,1950,2154.633,-0.094973
1992,12,85,91,1991,2134.455,-0.067209
1992,13,92,98,2004,2104.970,-0.047968
1992,14,99,105,2072,2081.808,-0.004711
1992,15,106,112,2075,2039.762,0.017275
1992,16,113,119,1999,1988.976,0.005040
1992,17,120,126,1928,1949.359,-0.010957
1992,18,127,133,1945,1939.870,0.002644
1992,19,134,140,1997,1925.693,0.037029
1992,20,141,147,1928,1900.539,0.014449
1992,21,148,154,1935,1898.894,0.019014
1992,22,155,161,1904,1900.399,0.001895
1992,23,162,168,1897,1869.506,0.014706
1992,24,169,175,1795,1871.897,-0.041080
1992,25,176,183,2000,1897.825,0.053838
1992,26,184,190,2113,1883.067,-0.018158
1992,27,191,197,1843,1881.642,-0.020536
1992,28,198,204,1899,1887.323,0.006187
1992,29,205,211,1822,1882.729,-0.032256
1992,30,212,218,1886,1879.897,0.003247
1992,31,219,225,1891,1855.201,0.019297
1992,32,226,232,1753,1806.724,-0.029736
1992,33,233,239,1810,1779.873,0.016927
1992,34,240,246,1777,1782.298,-0.002973
1992,35,247,253,1812,1808.102,0.002156
1992,36,254,260,1872,1828.954,0.023536
1992,37,261,267,1903,1854.306,0.026260
1992,38,268,274,1969,1873.556,0.050943
1992,39,275,281,1832,1887.327,-0.029315
1992,40,282,288,1929,1907.340,0.011356
1992,41,289,295,2034,1925.724,0.056226
1992,42,296,302,2005,1941.379,0.032771
1992,43,303,309,2069,1952.350,0.059749
1992,44,310,316,1930,1942.865,-0.006621
1992,45,317,323,1978,1937.291,0.021013
1992,46,324,330,1959,1966.123,-0.003623
1992,47,331,337,1951,2012.369,-0.030496
1992,48,338,344,1941,2052.960,-0.054536
1992,49,345,351,2021,2095.729,-0.035658
1992,50,352,358,1962,2164.870,-0.093710
1992,51,359,366,2081,2257.754,-0.078288
1993,0,1,7,2767,2330.641,0.038824
1993,1,8,14,2295,2326.367,-0.013483
1993,2,15,21,2094,2267.811,-0.076643
1993,3,22,28,2100,2214.298,-0.051618
1993,4,29,35,2084,2203.206,-0.054106
1993,5,36,42,2084,2206.239,-0.055406
1993,6,43,49,2179,2207.084,-0.012724
1993,7,50,56,2093,2194.247,-0.046142
1993,8,57,63,2344,2182.843,0.073829
1993,9,64,70,2375,2168.220,0.095369
1993,10,71,77,2351,2159.222,0.088818
1993,11,78,84,2313,2154.633,0.073501
1993,12,85,91,2187,2134.455,0.024618
1993,13,92,98,2279,2104.970,0.082676
1993,14,99,105,2274,2081.808,0.092320
1993,15,106,112,2100,2039.762,0.029532
1993,16,113,119,2101,1988.976,0.056322
1993,17,120,126,1900,1949.359,-0.025320
1993,18,127,133,2015,1939.870,0.038729
1993,19,134,140,1927,1925.693,0.000679
1993,20,141,147,1967,1900.539,0.034970
1993,21,148,154,1833,1898.894,-0.034701
1993,22,155,161,2009,1900.399,0.057146
1993,23,162,168,1712,1869.506,-0.084250
1993,24,169,175,1815,1871.897,-0.030396
1993,25,176,182,2003,1897.825,0.055419
1993,26,183,189,1932,1883.067,0.025986
1993,27,190,196,1911,1881.642,0.015603
1993,28,197,203,1818,1887.323,-0.036731
1993,29,204,210,1861,1882.729,-0.011541
1993,30,211,217,1743,1879.897,-0.072821
1993,31,218,224,1755,1855.201,-0.054011
1993,32,225,231,1786,1806.724,-0.011470
1993,33,232,238,1739,1779.873,-0.022964
1993,34,239,245,1851,1782.298,0.038547
1993,35,246,252,1917,1808.102,0.060228
1993,36,253,259,1797,1828.954,-0.017471
1993,37,260,266,1938,1854.306,0.045135
1993,38,267,273,1839,1873.556,-0.018444
1993,39,274,280,1937,1887.327,0.026319
1993,40,281,287,1888,1907.340,-0.010140
1993,41,288,294,1923,1925.724,-0.001415
1993,42,295,301,1907,1941.379,-0.017709
1993,43,302,308,2091,1952.350,0.071017
1993,44,309,315,1989,1942.865,0.023746
1993,45,316,322,1974,1937.291,0.018949
1993,46,323,329,2152,1966.123,0.094540
1993,47,330,336,2348,2012.369,0.166784
1993,48,337,343,2340,2052.960,0.139818
1993,49,344,350,2388,2095.729,0.139460
1993,50,351,357,2423,2164.870,0.119236
1993,51,358,365,2267,2257.754,0.004095
1994,0,1,7,2674,2330.641,0.003908
1994,1,8,14,2298,2326.367,-0.012194
1994,2,15,21,2237,2267.811,-0.013586
1994,3,22,28,2074,2214.298,-0.063360
1994,4,29,35,2105,2203.206,-0.044574
1994,5,36,42,2153,2206.239,-0.024131
1994,6,43,49,2103,2207.084,-0.047159
1994,7,50,56,2154,2194.247,-0.018342
1994,8,57,63,2109,2182.843,-0.033829
1994,9,64,70,2021,2168.220,-0.067899
1994,10,71,77,1982,2159.222,-0.082077
1994,11,78,84,2012,2154.633,-0.066198
1994,12,85,91,2015,2134.455,-0.055965
1994,13,92,98,1924,2104.970,-0.085973
1994,14,99,105,1992,2081.808,-0.043139
1994,15,106,112,2022,2039.762,-0.008708
1994,16,113,119,2026,1988.976,0.018614
1994,17,120,126,1866,1949.359,-0.042762
1994,18,127,133,1950,1939.870,0.005222
1994,19,134,140,1847,1925.693,-0.040865
1994,20,141,147,1844,1900.539,-0.029749
1994,21,148,154,1883,1898.894,-0.008370
1994,22,155,161,1899,1900.399,-0.000736
1994,23,162,168,1981,1869.506,0.059638
1994,24,169,175,1961,1871.897,0.047600
1994,25,176,182,2112,1897.825,0.112853
1994,26,183,189,2028,1883.067,0.076966
1994,27,190,196,2067,1881.642,0.098509
1994,28,197,203,1993,1887.323,0.055993
1994,29,204,210,2215,1882.729,0.176484
1994,30,211,217,2184,1879.897,0.161766
1994,31,218,224,1787,1855.201,-0.036762
1994,32,225,231,1807,1806.724,0.000153
1994,33,232,238,1806,1779.873,0.014679
1994,34,239,245,1795,1782.298,0.007127
1994,35,246,252,1868,1808.102,0.033127
1994,36,253,259,1873,1828.954,0.024083
1994,37,260,266,1917,1854.306,0.033810
1994,38,267,273,1950,1873.556,0.040801
1994,39,274,280,1835,1887.327,-0.027726
1994,40,281,287,1905,1907.340,-0.001227
1994,41,288,294,2020,1925.724,0.048956
1994,42,295,301,1981,1941.379,0.020408
1994,43,302,308,1985,1952.350,0.016723
1994,44,309,315,1900,1942.865,-0.022063
1994,45,316,322,1847,1937.291,-0.046607
1994,46,323,329,1807,1966.123,-0.080932
1994,47,330,336,1909,2012.369,-0.051367
1994,48,337,343,1974,2052.960,-0.038461
1994,49,344,350,1862,2095.729,-0.111526
1994,50,351,357,1994,2164.870,-0.078929
1994,51,358,365,2135,2257.754,-0.054370
1995,0,1,7,2435,2274.310,-0.063177
1995,1,8,14,2168,2253.102,-0.037771
1995,2,15,21,2204,2186.206,0.008139
1995,3,22,28,2099,2154.357,-0.025695
1995,4,29,35,2084,2154.982,-0.032939
1995,5,36,42,2058,2168.720,-0.051053
1995,6,43,49,1994,2178.753,-0.084798
1995,7,50,56,2031,2173.237,-0.065449
1995,8,57,63,2038,2171.989,-0.061689
1995,9,64,70,2156,2144.569,0.005330
1995,10,71,77,2279,2109.385,0.080410
1995,11,78,84,2215,2088.026,0.060810
1995,12,85,91,2346,2073.515,0.131412
1995,13,92,98,2210,2078.329,0.063354
1995,14,99,105,2091,2089.255,0.000835
1995,15,106,112,2068,2067.350,0.000314
1995,16,113,119,2077,2014.457,0.031047
1995,17,120,126,2107,1951.652,0.079598
1995,18,127,133,1955,1943.316,0.006012
1995,19,134,140,1948,1930.429,0.009102
1995,20,141,147,1925,1910.492,0.007594
1995,21,148,154,1896,1903.074,-0.003717
1995,22,155,161,1844,1905.931,-0.032494
1995,23,162,168,1869,1883.116,-0.007496
1995,24,169,175,1968,1903.392,0.033943
1995,25,176,182,2168,1967.550,0.101878
1995,26,183,189,1911,1958.033,-0.024021
1995,27,190,196,1994,1933.634,0.031219
1995,28,197,203,1855,1927.581,-0.037654
1995,29,204,210,1858,1941.171,-0.042846
1995,30,211,217,2013,1910.987,0.053382
1995,31,218,224,1853,1836.164,0.009169
1995,32,225,231,1840,1793.397,0.025986
1995,33,232,238,1868,1791.923,0.042456
1995,34,239,245,1717,1816.091,-0.054563
1995,35,246,252,1798,1847.634,-0.026864
1995,36,253,259,1742,1868.647,-0.067775
1995,37,260,266,1841,1900.540,-0.031328
1995,38,267,273,1846,1905.781,-0.031368
1995,39,274,280,1938,1892.583,0.023998
1995,40,281,287,2004,1919.339,0.044110
1995,41,288,294,1824,1964.981,-0.071747
1995,42,295,301,1921,1988.058,-0.033731
1995,43,302,308,1855,2000.496,-0.072730
1995,44,309,315,1907,1964.298,-0.029170
1995,45,316,322,1943,1949.174,-0.003167
1995,46,323,329,1925,1987.504,-0.031449
1995,47,330,336,1983,2048.281,-0.031871
1995,48,337,343,2047,2081.052,-0.016363
1995,49,344,350,2145,2098.483,0.022167
1995,50,351,357,2418,2129.929,0.135249
1995,51,358,365,2431,2195.491,0.107269
1996,0,1,7,3228,2259.641,0.249978
1996,1,8,14,2556,2232.829,0.144736
1996,2,15,21,2336,2181.556,0.070795
1996,3,22,28,2257,2145.800,0.051822
1996,4,29,35,2332,2136.776,0.091364
1996,5,36,42,2354,2138.962,0.100534
1996,6,43,49,2307,2139.093,0.078494
1996,7,50,56,2271,2136.831,0.062789
1996,8,57,63,2219,2145.928,0.034051
1996,9,64,70,2138,2147.353,-0.004356
1996,10,71,77,2120,2140.127,-0.009404
1996,11,78,84,2142,2130.516,0.005390
1996,12,85,91,2091,2124.581,-0.015806
1996,13,92,98,2074,2111.460,-0.017741
1996,14,99,105,2129,2096.506,0.015499
1996,15,106,112,2106,2070.349,0.017220
1996,16,113,119,1963,2030.700,-0.033338
1996,17,120,126,1885,1978.995,-0.047496
1996,18,127,133,1903,1955.023,-0.026610
1996,19,134,140,1975,1934.498,0.020937
1996,20,141,147,1944,1913.511,0.015934
1996,21,148,154,1901,1900.144,0.000450
1996,22,155,161,2126,1896.013,0.121300
1996,23,162,168,1832,1885.608,-0.028430
1996,24,169,175,1694,1924.312,-0.119686
1996,25,176,183,1773,1988.917,-0.108560
1996,26,184,190,2053,1965.676,-0.086129
1996,27,191,197,1736,1936.262,-0.103427
1996,28,198,204,1976,1918.747,0.029839
1996,29,205,211,1858,1929.776,-0.037194
1996,30,212,218,1696,1916.679,-0.115136
1996,31,219,225,1765,1848.858,-0.045357
1996,32,226,232,1730,1807.659,-0.042961
1996,33,233,239,1706,1800.262,-0.052360
1996,34,240,246,1687,1805.400,-0.065581
1996,35,247,253,1732,1828.035,-0.052535
1996,36,254,260,1790,1846.301,-0.030494
1996,37,261,267,1876,1880.590,-0.002441
1996,38,268,274,1866,1896.090,-0.015869
1996,39,275,281,1848,1901.274,-0.028020
1996,40,282,288,1887,1925.108,-0.019795
1996,41,289,295,1794,1946.352,-0.078276
1996,42,296,302,1850,1962.372,-0.057264
1996,43,303,309,1767,1971.194,-0.103589
1996,44,310,316,1912,1949.235,-0.019102
1996,45,317,323,1828,1944.294,-0.059813
1996,46,324,330,1946,1976.802,-0.015582
1996,47,331,337,1998,2033.011,-0.017221
1996,48,338,344,1977,2075.874,-0.047630
1996,49,345,351,1962,2120.754,-0.074857
1996,50,352,358,2045,2183.424,-0.063398
1996,51,359,366,2287,2233.407,0.023996
1997,0,1,7,3140,2330.126,0.179121
1997,1,8,14,3044,2297.123,0.325136
1997,2,15,21,2910,2221.003,0.310219
1997,3,22,28,2620,2176.862,0.203567
1997,4,29,35,2495,2173.324,0.148011
1997,5,36,42,2343,2178.016,0.075749
1997,6,43,49,2304,2172.882,0.060343
1997,7,50,56,2078,2162.707,-0.039167
1997,8,57,63,2036,2159.175,-0.057047
1997,9,64,70,1935,2148.971,-0.099569
1997,10,71,77,1999,2138.244,-0.065121
1997,11,78,84,1969,2129.170,-0.075226
1997,12,85,91,1922,2119.717,-0.093275
1997,13,92,98,1842,2107.688,-0.126057
1997,14,99,105,1984,2098.529,-0.054576
1997,15,106,112,1831,2070.872,-0.115831
1997,16,113,119,1914,2020.604,-0.052758
1997,17,120,126,1941,1965.969,-0.012701
1997,18,127,133,1835,1947.545,-0.057788
1997,19,134,140,1960,1937.188,0.011776
1997,20,141,147,1783,1919.664,-0.071191
1997,21,148,154,1821,1912.557,-0.047871
1997,22,155,161,2022,1915.577,0.055557
1997,23,162,168,1764,1882.060,-0.062729
1997,24,169,175,1798,1890.522,-0.048940
1997,25,176,182,1822,1943.339,-0.062438
1997,26,183,189,1808,1928.339,-0.062405
1997,27,190,196,1848,1910.615,-0.032772
1997,28,197,203,1790,1911.800,-0.063710
1997,29,204,210,1765,1912.452,-0.077101
1997,30,211,217,1756,1884.472,-0.068174
1997,31,218,224,2036,1827.499,0.114091
1997,32,225,231,1898,1792.304,0.058972
1997,33,232,238,1790,1782.017,0.004480
1997,34,239,245,1657,1785.306,-0.071868
1997,35,246,252,1742,1809.950,-0.037543
1997,36,253,259,1831,1836.199,-0.002831
1997,37,260,266,1751,1874.519,-0.065894
1997,38,267,273,1896,1889.447,0.003468
1997,39,274,280,1855,1893.103,-0.020127
1997,40,281,287,1873,1911.194,-0.019984
1997,41,288,294,1890,1922.821,-0.017069
1997,42,295,301,1900,1933.983,-0.017571
1997,43,302,308,2113,1941.178,0.088514
1997,44,309,315,1978,1931.206,0.024230
1997,45,316,322,1989,1930.752,0.030169
1997,46,323,329,1831,1967.601,-0.069425
1997,47,330,336,1913,2021.770,-0.053799
1997,48,337,343,1934,2056.550,-0.059590
1997,49,344,350,1914,2095.135,-0.086455
1997,50,351,357,1975,2166.159,-0.088248
1997,51,358,365,1977,2257.350,-0.124194
1998,0,1,7,2364,2415.273,-0.143575
1998,1,8,14,2058,2439.306,-0.156317
1998,2,15,21,2042,2353.747,-0.132447
1998,3,22,28,1930,2261.236,-0.146485
1998,4,29,35,2125,2219.472,-0.042565
1998,5,36,42,2181,2197.678,-0.007589
1998,6,43,49,2280,2170.638,0.050382
1998,7,50,56,2244,2144.348,0.046472
1998,8,57,63,2221,2138.807,0.038430
1998,9,64,70,2362,2135.505,0.106061
1998,10,71,77,2328,2136.983,0.089386
1998,11,78,84,2407,2128.211,0.130997
1998,12,85,91,2456,2106.029,0.166176
1998,13,92,98,2332,2083.371,0.119340
1998,14,99,105,2267,2070.542,0.094883
1998,15,106,112,2192,2037.968,0.075581
1998,16,113,119,1926,2000.693,-0.037334
1998,17,120,126,1892,1957.109,-0.033268
1998,18,127,133,2155,1934.439,0.114018
1998,19,134,140,1942,1921.415,0.010714
1998,20,141,147,1817,1898.332,-0.042844
1998,21,148,154,1858,1899.199,-0.021693
1998,22,155,161,1889,1915.426,-0.013796
1998,23,162,168,1805,1873.024,-0.036318
1998,24,169,175,2000,1876.949,0.065559
1998,25,176,182,1774,1923.297,-0.077625
1998,26,183,189,1734,1915.881,-0.094934
1998,27,190,196,1750,1903.229,-0.080510
1998,28,197,203,1888,1897.803,-0.005165
1998,29,204,210,1782,1896.521,-0.060385
1998,30,211,217,1788,1875.681,-0.046746
1998,31,218,224,2020,1842.287,0.096463
1998,32,225,231,1704,1811.366,-0.059274
1998,33,232,238,1696,1781.477,-0.047981
1998,34,239,245,1794,1769.683,0.013741
1998,35,246,252,1833,1794.870,0.021244
1998,36,253,259,1846,1821.127,0.013658
1998,37,260,266,1892,1853.932,0.020534
1998,38,267,273,1860,1875.832,-0.008440
1998,39,274,280,1886,1888.196,-0.001163
1998,40,281,287,1926,1899.294,0.014061
1998,41,288,294,1923,1901.399,0.011361
1998,42,295,301,1915,1918.912,-0.002039
1998,43,302,308,1920,1942.364,-0.011514
1998,44,309,315,1972,1937.468,0.017823
1998,45,316,322,1844,1928.212,-0.043674
1998,46,323,329,2004,1953.776,0.025706
1998,47,330,336,2079,2011.400,0.033608
1998,48,337,343,2166,2048.719,0.057246
1998,49,344,350,2265,2084.146,0.086776
1998,50,351,357,2103,2159.948,-0.026365
1998,51,358,365,2170,2272.653,-0.045169
1999,0,1,7,2461,2363.197,-0.088787
1999,1,8,14,2131,2395.998,-0.110600
1999,2,15,21,2162,2328.611,-0.071550
1999,3,22,28,2156,2243.143,-0.038849
1999,4,29,35,2171,2220.435,-0.022264
1999,5,36,42,2172,2213.738,-0.018854
1999,6,43,49,2293,2191.660,0.046239
1999,7,50,56,2393,2158.773,0.108500
1999,8,57,63,2422,2133.199,0.135384
1999,9,64,70,2287,2128.649,0.074391
1999,10,71,77,2215,2139.046,0.035509
1999,11,78,84,2292,2148.982,0.066551
1999,12,85,91,2130,2139.446,-0.004415
1999,13,92,98,2062,2101.418,-0.018758
1999,14,99,105,1988,2076.884,-0.042797
1999,15,106,112,1900,2039.067,-0.068201
1999,16,113,119,1933,1987.664,-0.027502
1999,17,120,126,1897,1955.168,-0.029751
1999,18,127,133,1826,1947.307,-0.062295
1999,19,134,140,1884,1922.503,-0.020027
1999,20,141,147,1882,1885.293,-0.001747
1999,21,148,154,1990,1889.866,0.052985
1999,22,155,161,1775,1908.980,-0.070184
1999,23,162,168,1899,1884.343,0.007778
1999,24,169,175,1773,1887.784,-0.060804
1999,25,176,182,1877,1899.561,-0.011877
1999,26,183,189,1797,1879.444,-0.043866
1999,27,190,196,1924,1879.998,0.023406
1999,28,197,203,1949,1893.158,0.029497
1999,29,204,210,1833,1894.324,-0.032372
1999,30,211,217,2046,1888.591,0.083347
1999,31,218,224,1878,1866.494,0.006164
1999,32,225,231,1786,1813.258,-0.015033
1999,33,232,238,1803,1771.643,0.017700
1999,34,239,245,1835,1758.074,0.043756
1999,35,246,252,1880,1785.732,0.052790
1999,36,253,259,1792,1819.912,-0.015337
1999,37,260,266,1770,1851.947,-0.044249
1999,38,267,273,1787,1873.871,-0.046359
1999,39,274,280,1919,1885.607,0.017709
1999,40,281,287,1868,1900.863,-0.017288
1999,41,288,294,2013,1902.527,0.058067
1999,42,295,301,2023,1911.978,0.058067
1999,43,302,308,1929,1924.319,0.002432
1999,44,309,315,1952,1921.391,0.015931
1999,45,316,322,1949,1905.770,0.022684
1999,46,323,329,2067,1919.933,0.076600
1999,47,330,336,1956,1968.730,-0.006466
1999,48,337,343,2061,2011.395,0.024662
1999,49,344,350,2108,2047.673,0.029461
1999,50,351,357,2326,2115.635,0.099434
1999,51,358,365,2711,2230.668,0.215331
2000,0,1,7,3270,2364.440,0.210118
2000,1,8,14,2760,2370.326,0.164397
2000,2,15,21,2644,2316.775,0.141242
2000,3,22,28,2629,2250.263,0.168308
2000,4,29,35,2433,2232.140,0.089986
2000,5,36,42,2250,2228.750,0.009535
2000,6,43,49,2179,2224.082,-0.020270
2000,7,50,56,2082,2206.853,-0.056575
2000,8,57,63,2123,2189.356,-0.030308
2000,9,64,70,2021,2182.411,-0.073960
2000,10,71,77,2009,2189.124,-0.082281
2000,11,78,84,1957,2194.596,-0.108264
2000,12,85,91,1893,2171.018,-0.128059
2000,13,92,98,1925,2120.955,-0.092390
2000,14,99,105,2003,2077.339,-0.035786
2000,15,106,112,1956,2023.210,-0.033219
2000,16,113,119,2009,1973.688,0.017891
2000,17,120,126,1889,1947.982,-0.030279
2000,18,127,133,1948,1937.803,0.005262
2000,19,134,140,1842,1922.851,-0.042048
2000,20,141,147,1793,1894.567,-0.053610
2000,21,148,154,1831,1896.386,-0.034479
2000,22,155,161,1960,1897.080,0.033167
2000,23,162,168,1806,1861.340,-0.029731
2000,24,169,175,2041,1853.001,0.101457
2000,25,176,183,1877,1855.990,0.011320
2000,26,184,190,2209,1838.088,0.051568
2000,27,191,197,1794,1850.446,-0.030504
2000,28,198,204,1781,1863.168,-0.044101
2000,29,205,211,1901,1847.664,0.028867
2000,30,212,218,1871,1861.243,0.005242
2000,31,219,225,1927,1866.622,0.032346
2000,32,226,232,1904,1814.720,0.049198
2000,33,233,239,1846,1772.643,0.041383
2000,34,240,246,1671,1762.022,-0.051658
2000,35,247,253,1811,1784.383,0.014917
2000,36,254,260,1744,1805.137,-0.033868
2000,37,261,267,1840,1826.566,0.007355
2000,38,268,274,1891,1854.221,0.019835
2000,39,275,281,1852,1884.174,-0.017076
2000,40,282,288,1961,1900.141,0.032029
2000,41,289,295,1826,1902.170,-0.040044
2000,42,296,302,1889,1913.372,-0.012738
2000,43,303,309,1966,1923.462,0.022115
2000,44,310,316,2072,1930.004,0.073573
2000,45,317,323,2021,1930.161,0.047063
2000,46,324,330,1964,1953.294,0.005481
2000,47,331,337,2031,1990.821,0.020182
2000,48,338,344,1911,2036.104,-0.061443
2000,49,345,351,1925,2094.077,-0.080741
2000,50,352,358,2006,2185.835,-0.082273
2000,51,359,366,2177,2295.112,-0.051463
2001,0,1,7,2588,2452.892,-0.076804
2001,1,8,14,2250,2484.026,-0.094212
2001,2,15,21,2321,2416.616,-0.039566
2001,3,22,28,2250,2342.666,-0.039556
2001,4,29,35,2258,2302.711,-0.019417
2001,5,36,42,2241,2274.875,-0.014891
2001,6,43,49,2059,2255.566,-0.087147
2001,7,50,56,1983,2224.525,-0.108574
2001,8,57,63,2110,2193.619,-0.038119
2001,9,64,70,2203,2159.568,0.020111
2001,10,71,77,1976,2142.617,-0.077763
2001,11,78,84,2005,2134.010,-0.060454
2001,12,85,91,2073,2099.453,-0.012600
2001,13,92,98,2066,2066.176,-0.000085
2001,14,99,105,1861,2048.110,-0.091357
2001,15,106,112,2020,2002.671,0.008653
2001,16,113,119,1989,1951.386,0.019275
2001,17,120,126,1997,1921.841,0.039108
2001,18,127,133,2132,1921.418,0.109597
2001,19,134,140,1894,1904.697,-0.005616
2001,20,141,147,1975,1874.046,0.053869
2001,21,148,154,1942,1888.438,0.028363
2001,22,155,161,1883,1902.511,-0.010255
2001,23,162,168,1962,1862.117,0.053639
2001,24,169,175,1944,1844.698,0.053831
2001,25,176,182,2020,1830.151,0.103734
2001,26,183,189,1956,1817.843,0.076000
2001,27,190,196,1744,1827.026,-0.045443
2001,28,197,203,1823,1848.073,-0.013567
2001,29,204,210,1926,1841.545,0.045861
2001,30,211,217,1864,1852.359,0.006284
2001,31,218,224,1697,1870.522,-0.092767
2001,32,225,231,1931,1822.659,0.059441
2001,33,232,238,1994,1771.640,0.125511
2001,34,239,245,1822,1757.319,0.036807
2001,35,246,252,1759,1783.579,-0.013781
2001,36,253,259,1708,1805.871,-0.054196
2001,37,260,266,1839,1828.284,0.005861
2001,38,267,273,1955,1854.558,0.054159
2001,39,274,280,1791,1875.690,-0.045151
2001,40,281,287,1898,1892.083,0.003127
2001,41,288,294,1773,1899.073,-0.066386
2001,42,295,301,1740,1915.874,-0.091798
2001,43,302,308,1792,1940.956,-0.076744
2001,44,309,315,1895,1955.126,-0.030753
2001,45,316,322,1922,1947.937,-0.013315
2001,46,323,329,2037,1963.054,0.037669
2001,47,330,336,1959,1990.535,-0.015842
2001,48,337,343,1908,2013.037,-0.052178
2001,49,344,350,2108,2046.278,0.030163
2001,50,351,357,2250,2125.763,0.058444
2001,51,358,365,2381,2285.986,0.041564
2002,0,1,7,2802,2388.205,0.026608
2002,1,8,14,2481,2427.644,0.021978
2002,2,15,21,2600,2398.048,0.084215
2002,3,22,28,2485,2335.996,0.063786
2002,4,29,35,2517,2288.646,0.099777
2002,5,36,42,2308,2247.598,0.026874
2002,6,43,49,2146,2211.724,-0.029716
2002,7,50,56,2184,2179.270,0.002170
2002,8,57,63,2087,2170.826,-0.038615
2002,9,64,70,2099,2152.613,-0.024906
2002,10,71,77,2092,2124.385,-0.015244
2002,11,78,84,2003,2113.166,-0.052133
2002,12,85,91,2038,2089.230,-0.024521
2002,13,92,98,2060,2051.331,0.004226
2002,14,99,105,2060,2017.122,0.021257
2002,15,106,112,2083,1983.518,0.050154
2002,16,113,119,1939,1954.988,-0.008178
2002,17,120,126,1890,1943.902,-0.027729
2002,18,127,133,1917,1945.919,-0.014861
2002,19,134,140,1991,1909.141,0.042877
2002,20,141,147,1828,1875.272,-0.025208
2002,21,148,154,1954,1883.103,0.037649
2002,22,155,161,1843,1887.330,-0.023488
2002,23,162,168,1950,1876.681,0.039068
2002,24,169,175,1891,1886.485,0.002393
2002,25,176,182,1825,1874.060,-0.026178
2002,26,183,189,1835,1845.850,-0.005878
2002,27,190,196,1834,1829.544,0.002436
2002,28,197,203,1797,1837.735,-0.022166
2002,29,204,210,2105,1848.781,0.138588
2002,30,211,217,1890,1869.351,0.011046
2002,31,218,224,1749,1882.148,-0.070743
2002,32,225,231,1982,1854.087,0.068990
2002,33,232,238,1864,1815.534,0.026695
2002,34,239,245,1819,1785.679,0.018660
2002,35,246,252,1856,1789.817,0.036977
2002,36,253,259,1783,1798.238,-0.008474
2002,37,260,266,1805,1824.795,-0.010848
2002,38,267,273,1888,1858.832,0.015692
2002,39,274,280,1988,1874.300,0.060662
2002,40,281,287,1926,1889.525,0.019304
2002,41,288,294,1962,1892.324,0.036820
2002,42,295,301,1931,1905.063,0.013615
2002,43,302,308,1961,1937.979,0.011879
2002,44,309,315,1914,1958.775,-0.022859
2002,45,316,322,1967,1960.614,0.003257
2002,46,323,329,1908,1974.280,-0.033571
2002,47,330,336,1977,1988.718,-0.005892
2002,48,337,343,1992,2012.354,-0.010115
2002,49,344,350,2225,2067.249,0.076310
2002,50,351,357,2378,2154.381,0.103798
2002,51,358,365,2258,2278.442,-0.008972
2003,0,1,7,2570,2346.255,-0.041558
2003,1,8,14,2281,2344.511,-0.027089
2003,2,15,21,2279,2334.080,-0.023598
2003,3,22,28,2159,2306.721,-0.064039
2003,4,29,35,2201,2280.986,-0.035067
2003,5,36,42,2151,2237.747,-0.038765
2003,6,43,49,2214,2199.530,0.006579
2003,7,50,56,2305,2185.532,0.054663
2003,8,57,63,2291,2187.956,0.047096
2003,9,64,70,2191,2176.154,0.006822
2003,10,71,77,2085,2143.462,-0.027274
2003,11,78,84,2051,2127.785,-0.036087
2003,12,85,91,2056,2113.083,-0.027014
2003,13,92,98,2066,2083.104,-0.008211
2003,14,99,105,2251,2046.779,0.099777
2003,15,106,112,2206,2014.012,0.095326
2003,16,113,119,2041,1967.374,0.037424
2003,17,120,126,2005,1944.952,0.030874
2003,18,127,133,1861,1953.524,-0.047363
2003,19,134,140,1816,1918.378,-0.053367
2003,20,141,147,1923,1886.835,0.019167
2003,21,148,154,2090,1891.216,0.105109
2003,22,155,161,1918,1884.651,0.017695
2003,23,162,168,1928,1891.907,0.019077
2003,24,169,175,1863,1903.735,-0.021397
2003,25,176,182,1830,1880.577,-0.026894
2003,26,183,189,1723,1848.525,-0.067905
2003,27,190,196,2083,1831.223,0.137491
2003,28,197,203,1967,1854.000,0.060949
2003,29,204,210,1840,1887.820,-0.025331
2003,30,211,217,1845,1885.540,-0.021501
2003,31,218,224,2374,1865.308,0.272712
2003,32,225,231,1891,1854.076,0.019915
2003,33,232,238,1782,1833.397,-0.028033
2003,34,239,245,1774,1810.558,-0.020191
2003,35,246,252,1935,1806.960,0.070859
2003,36,253,259,1939,1801.815,0.076137
2003,37,260,266,1928,1828.725,0.054286
2003,38,267,273,1876,1866.611,0.005030
2003,39,274,280,1976,1890.171,0.045408
2003,40,281,287,1864,1904.264,-0.021144
2003,41,288,294,1946,1903.251,0.022461
2003,42,295,301,2020,1904.464,0.060666
2003,43,302,308,2001,1921.543,0.041350
2003,44,309,315,1990,1944.932,0.023172
2003,45,316,322,2051,1958.636,0.047157
2003,46,323,329,2036,1983.865,0.026280
2003,47,330,336,2047,2002.562,0.022191
2003,48,337,343,2133,2037.388,0.046928
2003,49,344,350,2361,2120.809,0.113254
2003,50,351,357,2514,2220.520,0.132167
2003,51,358,365,2540,2310.239,0.099454
2004,0,1,7,2853,2394.178,0.042686
2004,1,8,14,2446,2388.472,0.024086
2004,2,15,21,2187,2379.510,-0.080903
2004,3,22,28,2167,2344.709,-0.075791
2004,4,29,35,2235,2298.427,-0.027596
2004,5,36,42,2025,2236.509,-0.094571
2004,6,43,49,2051,2195.008,-0.065607
2004,7,50,56,2100,2190.903,-0.041491
2004,8,57,63,2042,2188.526,-0.066952
2004,9,64,70,2012,2149.866,-0.064128
2004,10,71,77,2059,2093.698,-0.016573
2004,11,78,84,2063,2061.009,0.000966
2004,12,85,91,1876,2043.639,-0.082030
2004,13,92,98,1949,2036.070,-0.042764
2004,14,99,105,1973,2032.406,-0.029229
2004,15,106,112,1972,2019.197,-0.023374
2004,16,113,119,1870,1983.249,-0.057103
2004,17,120,126,1850,1947.566,-0.050096
2004,18,127,133,1876,1924.599,-0.025251
2004,19,134,140,1819,1898.752,-0.042002
2004,20,141,147,1806,1901.107,-0.050027
2004,21,148,154,1877,1920.468,-0.022634
2004,22,155,161,1911,1903.611,0.003882
2004,23,162,168,1810,1900.514,-0.047626
2004,24,169,175,1747,1898.373,-0.079738
2004,25,176,183,1897,1881.412,0.008285
2004,26,184,190,2025,1864.952,-0.049909
2004,27,191,197,1792,1868.032,-0.040702
2004,28,198,204,1859,1879.970,-0.011155
2004,29,205,211,1909,1902.841,0.003237
2004,30,212,218,1908,1911.240,-0.001695
2004,31,219,225,1817,1912.392,-0.049881
2004,32,226,232,1723,1892.994,-0.089802
2004,33,233,239,1729,1851.611,-0.066218
2004,34,240,246,1728,1818.409,-0.049719
2004,35,247,253,1821,1821.019,-0.000011
2004,36,254,260,1729,1817.390,-0.048636
2004,37,261,267,1788,1838.127,-0.027271
2004,38,268,274,1862,1874.107,-0.006460
2004,39,275,281,1841,1897.322,-0.029685
2004,40,282,288,1918,1903.781,0.007469
2004,41,289,295,1955,1908.260,0.024493
2004,42,296,302,1914,1919.518,-0.002875
2004,43,303,309,1866,1936.244,-0.036278
2004,44,310,316,1860,1960.478,-0.051252
2004,45,317,323,1933,1981.786,-0.024617
2004,46,324,330,1933,1994.997,-0.031076
2004,47,331,337,2000,2000.691,-0.000345
2004,48,338,344,2012,2039.012,-0.013247
2004,49,345,351,2045,2149.144,-0.048458
2004,50,352,358,2177,2283.451,-0.046619
2004,51,359,366,2347,2375.554,-0.012020
2005,0,1,7,2657,2425.602,-0.041526
2005,1,8,14,2310,2435.138,-0.051388
2005,2,15,21,2275,2398.627,-0.051541
2005,3,22,28,2161,2350.614,-0.080666
2005,4,29,35,2299,2297.652,0.000587
2005,5,36,42,2337,2212.454,0.056293
2005,6,43,49,2341,2149.373,0.089155
2005,7,50,56,2363,2131.421,0.108650
2005,8,57,63,2505,2122.914,0.179982
2005,9,64,70,2421,2095.633,0.155259
2005,10,71,77,2455,2052.312,0.196212
2005,11,78,84,2283,2017.713,0.131479
2005,12,85,91,2045,2001.922,0.021518
2005,13,92,98,2027,2011.809,0.007551
2005,14,99,105,1982,2027.624,-0.022501
2005,15,106,112,1882,2022.097,-0.069283
2005,16,113,119,1989,1978.245,0.005437
2005,17,120,126,1844,1942.307,-0.050614
2005,18,127,133,1828,1923.859,-0.049826
2005,19,134,140,1967,1890.387,0.040528
2005,20,141,147,2021,1886.202,0.071465
2005,21,148,154,1857,1911.265,-0.028392
2005,22,155,161,1754,1907.500,-0.080472
2005,23,162,168,1869,1896.244,-0.014367
2005,24,169,175,2048,1893.094,0.081827
2005,25,176,182,1880,1880.108,-0.000057
2005,26,183,189,1638,1856.823,-0.117848
2005,27,190,196,1753,1850.017,-0.052441
2005,28,197,203,1731,1867.719,-0.073201
2005,29,204,210,1790,1899.156,-0.057476
2005,30,211,217,1609,1897.473,-0.152030
2005,31,218,224,1651,1897.121,-0.129734
2005,32,225,231,1746,1879.474,-0.071017
2005,33,232,238,1744,1835.924,-0.050070
2005,34,239,245,1801,1801.108,-0.000060
2005,35,246,252,1874,1807.128,0.037005
2005,36,253,259,1675,1809.081,-0.074115
2005,37,260,266,1658,1839.865,-0.098847
2005,38,267,273,1727,1878.780,-0.080787
2005,39,274,280,1825,1895.060,-0.036970
2005,40,281,287,1913,1902.405,0.005569
2005,41,288,294,1850,1899.162,-0.025886
2005,42,295,301,1926,1902.929,0.012124
2005,43,302,308,1842,1920.451,-0.040850
2005,44,309,315,1866,1946.629,-0.041420
2005,45,316,322,1865,1969.773,-0.053190
2005,46,323,329,1913,1982.282,-0.034951
2005,47,330,336,2057,1996.355,0.030378
2005,48,337,343,2147,2031.984,0.056603
2005,49,344,350,2070,2132.436,-0.029279
2005,50,351,357,2066,2250.413,-0.081946
2005,51,358,365,2168,2349.211,-0.077137
2006,0,1,7,2577,2349.765,-0.040383
2006,1,8,14,2169,2346.819,-0.075770
2006,2,15,21,2220,2316.977,-0.041855
2006,3,22,28,2152,2279.347,-0.055870
2006,4,29,35,2076,2265.968,-0.083835
2006,5,36,42,2164,2221.591,-0.025923
2006,6,43,49,2203,2183.414,0.008970
2006,7,50,56,2128,2186.448,-0.026732
2006,8,57,63,2104,2194.809,-0.041375
2006,9,64,70,2112,2176.023,-0.029422
2006,10,71,77,2173,2132.318,0.019079
2006,11,78,84,2113,2079.764,0.015981
2006,12,85,91,2101,2038.517,0.030651
2006,13,92,98,1958,2029.106,-0.035043
2006,14,99,105,2052,2027.412,0.012128
2006,15,106,112,1893,2013.098,-0.059658
2006,16,113,119,1893,1970.219,-0.039193
2006,17,120,126,1969,1931.668,0.019326
2006,18,127,133,1826,1916.451,-0.047197
2006,19,134,140,1881,1907.682,-0.013987
2006,20,141,147,1741,1914.410,-0.090581
2006,21,148,154,1802,1915.676,-0.059340
2006,22,155,161,1866,1892.060,-0.013773
2006,23,162,168,2060,1893.561,0.087897
2006,24,169,175,1878,1894.609,-0.008767
2006,25,176,182,1810,1867.336,-0.030705
2006,26,183,189,2038,1825.485,0.116415
2006,27,190,196,1762,1829.684,-0.036992
2006,28,197,203,2228,1853.327,0.202162
2006,29,204,210,2286,1872.410,0.220886
2006,30,211,217,1751,1852.747,-0.054917
2006,31,218,224,1703,1849.490,-0.079206
2006,32,225,231,1788,1845.873,-0.031353
2006,33,232,238,1687,1823.510,-0.074861
2006,34,239,245,1777,1811.258,-0.018914
2006,35,246,252,1788,1814.924,-0.014835
2006,36,253,259,1914,1796.605,0.065343
2006,37,260,266,1712,1811.239,-0.054791
2006,38,267,273,1749,1852.375,-0.055807
2006,39,274,280,1798,1881.992,-0.044629
2006,40,281,287,1789,1896.897,-0.056881
2006,41,288,294,1811,1900.359,-0.047022
2006,42,295,301,1840,1900.924,-0.032050
2006,43,302,308,1729,1899.779,-0.089894
2006,44,309,315,1826,1913.241,-0.045599
2006,45,316,322,1994,1942.074,0.026737
2006,46,323,329,1914,1971.393,-0.029113
2006,47,330,336,1908,2007.335,-0.049486
2006,48,337,343,1914,2063.354,-0.072384
2006,49,344,350,1938,2160.436,-0.102959
2006,50,351,357,1980,2261.253,-0.124379
2006,51,358,365,2069,2325.213,-0.110189
2007,0,1,7,2540,2329.210,-0.045814
2007,1,8,14,2181,2331.853,-0.064692
2007,2,15,21,2152,2297.856,-0.063475
2007,3,22,28,2046,2255.970,-0.093073
2007,4,29,35,2141,2240.019,-0.044205
2007,5,36,42,2311,2212.372,0.044580
2007,6,43,49,2279,2200.041,0.035890
2007,7,50,56,2311,2206.476,0.047371
2007,8,57,63,2255,2198.173,0.025852
2007,9,64,70,2092,2176.792,-0.038953
2007,10,71,77,2014,2152.842,-0.064492
2007,11,78,84,1903,2099.954,-0.093790
2007,12,85,91,2005,2042.990,-0.018595
2007,13,92,98,2023,2028.260,-0.002593
2007,14,99,105,1992,2035.440,-0.021342
2007,15,106,112,1967,2004.149,-0.018536
2007,16,113,119,1930,1953.052,-0.011803
2007,17,120,126,1804,1909.902,-0.055449
2007,18,127,133,1773,1882.590,-0.058212
2007,19,134,140,1785,1880.982,-0.051028
2007,20,141,147,1838,1882.676,-0.023730
2007,21,148,154,1846,1890.592,-0.023586
2007,22,155,161,1940,1887.112,0.028026
2007,23,162,168,1789,1897.998,-0.057428
2007,24,169,175,1780,1883.187,-0.054794
2007,25,176,182,1713,1847.665,-0.072884
2007,26,183,189,1757,1826.422,-0.038010
2007,27,190,196,1847,1854.358,-0.003968
2007,28,197,203,1838,1910.826,-0.038112
2007,29,204,210,1649,1921.748,-0.141927
2007,30,211,217,1732,1859.312,-0.068473
2007,31,218,224,1693,1838.663,-0.079222
2007,32,225,231,1665,1817.209,-0.083760
2007,33,232,238,1808,1784.469,0.013187
2007,34,239,245,1701,1794.341,-0.052020
2007,35,246,252,1773,1823.235,-0.027553
2007,36,253,259,1779,1811.549,-0.017967
2007,37,260,266,1811,1798.716,0.006829
2007,38,267,273,1821,1826.782,-0.003165
2007,39,274,280,1822,1867.943,-0.024596
2007,40,281,287,1897,1887.599,0.004980
2007,41,288,294,1864,1903.469,-0.020735
2007,42,295,301,1919,1908.983,0.005247
2007,43,302,308,2050,1895.373,0.081581
2007,44,309,315,2017,1906.668,0.057866
2007,45,316,322,2033,1939.997,0.047940
2007,46,323,329,2098,1959.788,0.070524
2007,47,330,336,2135,1996.446,0.069400
2007,48,337,343,2156,2052.118,0.050622
2007,49,344,350,2106,2129.824,-0.011186
2007,50,351,357,2347,2212.288,0.060892
2007,51,358,365,2332,2280.219,0.022709
2008,0,1,7,2747,2293.878,0.047843
2008,1,8,14,2387,2269.372,0.051833
2008,2,15,21,2298,2216.785,0.036636
2008,3,22,28,2160,2173.251,-0.006097
2008,4,29,35,2167,2181.215,-0.006517
2008,5,36,42,2061,2200.184,-0.063260
2008,6,43,49,2119,2218.291,-0.044760
2008,7,50,56,2228,2232.829,-0.002163
2008,8,57,63,2129,2220.641,-0.041268
2008,9,64,70,2071,2180.331,-0.050144
2008,10,71,77,2153,2140.776,0.005710
2008,11,78,84,2116,2084.728,0.015001
2008,12,85,91,2231,2032.793,0.097505
2008,13,92,98,2183,2019.004,0.081226
2008,14,99,105,2182,2021.471,0.079412
2008,15,106,112,2120,1988.509,0.066125
2008,16,113,119,2075,1941.980,0.068497
2008,17,120,126,1970,1892.923,0.040719
2008,18,127,133,2013,1854.880,0.085246
2008,19,134,140,1946,1853.475,0.049919
2008,20,141,147,1899,1869.108,0.015993
2008,21,148,154,1831,1883.075,-0.027654
2008,22,155,161,1765,1884.033,-0.063180
2008,23,162,168,1820,1880.332,-0.032086
2008,24,169,175,1881,1859.726,0.011440
2008,25,176,183,1904,1827.228,0.042016
2008,26,184,190,2083,1813.761,0.004887
2008,27,191,197,1814,1851.452,-0.020229
2008,28,198,204,1648,1893.638,-0.129717
2008,29,205,211,1987,1870.703,0.062168
2008,30,212,218,1983,1818.962,0.090182
2008,31,219,225,1696,1809.138,-0.062537
2008,32,226,232,1719,1779.222,-0.033847
2008,33,233,239,1718,1758.397,-0.022974
2008,34,240,246,1809,1774.814,0.019262
2008,35,247,253,1738,1809.133,-0.039319
2008,36,254,260,1731,1806.804,-0.041955
2008,37,261,267,1858,1794.969,0.035116
2008,38,268,274,1910,1812.633,0.053716
2008,39,275,281,1852,1846.599,0.002925
2008,40,282,288,1930,1872.314,0.030810
2008,41,289,295,1914,1891.488,0.011902
2008,42,296,302,1900,1907.691,-0.004031
2008,43,303,309,1990,1908.279,0.042825
2008,44,310,316,2004,1924.804,0.041145
2008,45,317,323,1894,1961.055,-0.034193
2008,46,324,330,2075,1990.133,0.042644
2008,47,331,337,2063,2028.143,0.017187
2008,48,338,344,2219,2070.964,0.071482
2008,49,345,351,2141,2125.041,0.007510
2008,50,352,358,2207,2206.843,0.000071
2008,51,359,366,2248,2273.855,-0.011370
2009,0,1,7,2718,2299.550,0.034224
2009,1,8,14,2525,2286.578,0.104270
2009,2,15,21,2652,2224.062,0.192413
2009,3,22,28,2546,2172.741,0.171792
2009,4,29,35,2594,2173.429,0.193506
2009,5,36,42,2563,2184.972,0.173013
2009,6,43,49,2335,2200.321,0.061209
2009,7,50,56,2246,2212.497,0.015143
2009,8,57,63,2265,2195.368,0.031718
2009,9,64,70,2086,2164.025,-0.036055
2009,10,71,77,2008,2145.107,-0.063916
2009,11,78,84,1930,2102.273,-0.081946
2009,12,85,91,1969,2058.534,-0.043494
2009,13,92,98,1984,2035.430,-0.025267
2009,14,99,105,1935,2016.923,-0.040618
2009,15,106,112,1967,1978.722,-0.005924
2009,16,113,119,1898,1940.232,-0.021766
2009,17,120,126,1762,1898.110,-0.071708
2009,18,127,133,1834,1874.391,-0.021549
2009,19,134,140,1801,1870.987,-0.037406
2009,20,141,147,1854,1860.807,-0.003658
2009,21,148,154,1848,1849.273,-0.000688
2009,22,155,161,1878,1852.007,0.014035
2009,23,162,168,1833,1862.592,-0.015887
2009,24,169,175,1828,1859.688,-0.017039
2009,25,176,182,2016,1838.285,0.096674
2009,26,183,189,1775,1813.478,-0.021218
2009,27,190,196,1886,1815.589,0.038782
2009,28,197,203,1815,1857.240,-0.022743
2009,29,204,210,1795,1872.943,-0.041615
2009,30,211,217,1848,1806.298,0.023087
2009,31,218,224,1775,1740.304,0.019937
2009,32,225,231,1768,1728.940,0.022592
2009,33,232,238,1761,1741.918,0.010955
2009,34,239,245,1747,1764.656,-0.010005
2009,35,246,252,1783,1780.986,0.001131
2009,36,253,259,1774,1774.153,-0.000086
2009,37,260,266,1867,1778.644,0.049676
2009,38,267,273,1813,1806.523,0.003585
2009,39,274,280,1887,1838.322,0.026479
2009,40,281,287,1866,1871.390,-0.002880
2009,41,288,294,2033,1885.244,0.078375
2009,42,295,301,2022,1894.085,0.067534
2009,43,302,308,1987,1901.523,0.044952
2009,44,309,315,1941,1918.173,0.011900
2009,45,316,322,2011,1947.835,0.032428
2009,46,323,329,1984,1988.002,-0.002013
2009,47,330,336,1977,2033.768,-0.027913
2009,48,337,343,1973,2069.012,-0.046405
2009,49,344,350,1989,2091.816,-0.049152
2009,50,351,357,2344,2153.912,0.088252
2009,51,358,365,2213,2237.295,-0.010859
2010,0,1,7,2604,2288.056,-0.004176
2010,1,8,14,2380,2311.417,0.029672
2010,2,15,21,2297,2292.443,0.001988
2010,3,22,28,2226,2250.884,-0.011055
2010,4,29,35,2245,2254.408,-0.004173
2010,5,36,42,2181,2270.351,-0.039356
2010,6,43,49,2223,2262.469,-0.017445
2010,7,50,56,2206,2252.918,-0.020825
2010,8,57,63,2157,2228.711,-0.032176
2010,9,64,70,2163,2179.349,-0.007502
2010,10,71,77,2068,2138.727,-0.033070
2010,11,78,84,2058,2091.420,-0.015980
2010,12,85,91,2070,2062.951,0.003417
2010,13,92,98,1922,2040.825,-0.058224
2010,14,99,105,1945,2015.014,-0.034746
2010,15,106,112,1895,1977.539,-0.041738
2010,16,113,119,1962,1938.429,0.012160
2010,17,120,126,1921,1888.594,0.017159
2010,18,127,133,1958,1865.692,0.049477
2010,19,134,140,1945,1868.952,0.040690
2010,20,141,147,1984,1863.114,0.064884
2010,21,148,154,1948,1847.091,0.054631
2010,22,155,161,1955,1849.016,0.057319
2010,23,162,168,1742,1867.476,-0.067190
2010,24,169,175,1898,1874.125,0.012739
2010,25,176,182,2133,1854.501,0.150175
2010,26,183,189,2027,1823.670,0.111495
2010,27,190,196,2053,1823.121,0.126091
2010,28,197,203,1819,1851.696,-0.017657
2010,29,204,210,1771,1857.056,-0.046340
2010,30,211,217,1782,1793.206,-0.006249
2010,31,218,224,1807,1735.068,0.041458
2010,32,225,231,1766,1732.778,0.019173
2010,33,232,238,1864,1747.680,0.066557
2010,34,239,245,1805,1766.675,0.021693
2010,35,246,252,1835,1780.605,0.030549
2010,36,253,259,1918,1780.388,0.077293
2010,37,260,266,1932,1786.373,0.081521
2010,38,267,273,1949,1807.317,0.078394
2010,39,274,280,1971,1839.000,0.071778
2010,40,281,287,1809,1872.142,-0.033727
2010,41,288,294,1926,1896.315,0.015654
2010,42,295,301,1974,1914.081,0.031304
2010,43,302,308,1993,1922.904,0.036453
2010,44,309,315,1933,1936.040,-0.001570
2010,45,316,322,2002,1962.077,0.020347
2010,46,323,329,1947,1995.790,-0.024446
2010,47,330,336,2076,2032.141,0.021583
2010,48,337,343,2197,2062.466,0.065230
2010,49,344,350,2246,2091.382,0.073931
2010,50,351,357,2292,2161.209,0.060518
2010,51,358,365,2314,2226.301,0.039392
2011,0,1,7,2709,2294.402,0.033113
2011,1,8,14,2283,2318.225,-0.015195
2011,2,15,21,2242,2300.361,-0.025370
2011,3,22,28,2044,2255.515,-0.093777
2011,4,29,35,2115,2244.439,-0.057671
2011,5,36,42,2062,2246.506,-0.082130
2011,6,43,49,2100,2234.629,-0.060247
2011,7,50,56,2043,2214.128,-0.077289
2011,8,57,63,1977,2172.807,-0.090117
2011,9,64,70,2138,2118.374,0.009265
2011,10,71,77,2073,2076.637,-0.001751
2011,11,78,84,2072,2050.825,0.010325
2011,12,85,91,2005,2048.496,-0.021233
2011,13,92,98,1974,2028.839,-0.027030
2011,14,99,105,1860,2007.101,-0.073290
2011,15,106,112,2040,1975.804,0.032491
2011,16,113,119,1967,1940.242,0.013791
2011,17,120,126,1846,1900.931,-0.028897
2011,18,127,133,1986,1880.897,0.055879
2011,19,134,140,1837,1871.756,-0.018569
2011,20,141,147,1986,1864.020,0.065439
2011,21,148,154,1968,1863.001,0.056360
2011,22,155,161,1903,1866.620,0.019490
2011,23,162,168,1886,1858.677,0.014700
2011,24,169,175,1849,1867.538,-0.009927
2011,25,176,182,2014,1891.431,0.064802
2011,26,183,189,1974,1887.433,0.045865
2011,27,190,196,1810,1875.850,-0.035104
2011,28,197,203,1778,1875.802,-0.052139
2011,29,204,210,1781,1869.114,-0.047142
2011,30,211,217,1955,1817.226,0.075815
2011,31,218,224,1872,1759.890,0.063703
2011,32,225,231,1757,1748.146,0.005065
2011,33,232,238,1858,1761.293,0.054907
2011,34,239,245,1827,1771.963,0.031060
2011,35,246,252,1878,1789.742,0.049314
2011,36,253,259,1821,1816.368,0.002550
2011,37,260,266,1785,1835.393,-0.027456
2011,38,267,273,2035,1849.248,0.100447
2011,39,274,280,1887,1860.509,0.014239
2011,40,281,287,1928,1873.127,0.029295
2011,41,288,294,1889,1902.664,-0.007182
2011,42,295,301,2073,1929.096,0.074596
2011,43,302,308,2131,1944.142,0.096113
2011,44,309,315,1955,1956.240,-0.000634
2011,45,316,322,2063,1981.107,0.041337
2011,46,323,329,2021,2006.846,0.007053
2011,47,330,336,2143,2039.269,0.050867
2011,48,337,343,2181,2077.521,0.049809
2011,49,344,350,2206,2122.260,0.039458
2011,50,351,357,2339,2198.476,0.063919
2011,51,358,365,2321,2250.149,0.031487
2012,0,1,7,2620,2324.317,-0.013689
2012,1,8,14,2218,2336.539,-0.050733
2012,2,15,21,2232,2303.519,-0.031048
2012,3,22,28,2233,2247.582,-0.006488
2012,4,29,35,2358,2238.387,0.053437
2012,5,36,42,2445,2232.556,0.095157
2012,6,43,49,2717,2215.425,0.226401
2012,7,50,56,2770,2194.810,0.262068
2012,8,57,63,2650,2156.545,0.228818
2012,9,64,70,2480,2110.032,0.175338
2012,10,71,77,2427,2064.995,0.175306
2012,11,78,84,2162,2037.942,0.060874
2012,12,85,91,2206,2036.516,0.083223
2012,13,92,98,2099,2017.747,0.040269
2012,14,99,105,2122,1995.284,0.063508
2012,15,106,112,2110,1984.613,0.063179
2012,16,113,119,2027,1948.575,0.040247
2012,17,120,126,2091,1899.804,0.100640
2012,18,127,133,2020,1890.655,0.068413
2012,19,134,140,1879,1886.059,-0.003743
2012,20,141,147,2086,1894.863,0.100871
2012,21,148,154,1904,1891.490,0.006614
2012,22,155,161,1897,1870.906,0.013947
2012,23,162,168,1845,1843.326,0.000908
2012,24,169,175,1902,1865.916,0.019338
2012,25,176,183,2016,1906.941,0.057190
2012,26,184,190,2137,1890.398,-0.010857
2012,27,191,197,1778,1855.863,-0.041955
2012,28,198,204,1800,1810.700,-0.005909
2012,29,205,211,2018,1808.457,0.115868
2012,30,212,218,1808,1820.141,-0.006670
2012,31,219,225,1805,1783.146,0.012256
2012,32,226,232,1926,1761.655,0.093290
2012,33,233,239,1870,1780.360,0.050349
2012,34,240,246,1717,1788.345,-0.039895
2012,35,247,253,1816,1797.846,0.010098
2012,36,254,260,1863,1816.031,0.025863
2012,37,261,267,1788,1852.288,-0.034707
2012,38,268,274,2002,1885.386,0.061852
2012,39,275,281,2010,1889.466,0.063793
2012,40,282,288,1963,1896.932,0.034829
2012,41,289,295,2064,1929.618,0.069642
2012,42,296,302,2013,1975.441,0.019013
2012,43,303,309,1995,2001.432,-0.003213
2012,44,310,316,2139,1992.130,0.073725
2012,45,317,323,2001,2001.600,-0.000300
2012,46,324,330,2057,2033.193,0.011709
2012,47,331,337,2091,2081.304,0.004659
2012,48,338,344,2170,2129.188,0.019168
2012,49,345,351,2216,2179.727,0.016641
2012,50,352,358,2251,2259.732,-0.003864
2012,51,359,366,2220,2298.648,-0.034215
2013,0,1,7,2558,2327.830,-0.038482
2013,1,8,14,2264,2347.418,-0.035536
2013,2,15,21,2302,2322.986,-0.009034
2013,3,22,28,2462,2280.589,0.079546
2013,4,29,35,2558,2277.001,0.123408
2013,5,36,42,2434,2278.702,0.068152
2013,6,43,49,2436,2288.919,0.064258
2013,7,50,56,2526,2280.968,0.107425
2013,8,57,63,2513,2238.379,0.122687
2013,9,64,70,2465,2188.827,0.126174
2013,10,71,77,2411,2138.388,0.127485
2013,11,78,84,2375,2093.890,0.134253
2013,12,85,91,2349,2074.286,0.132438
2013,13,92,98,2421,2042.247,0.185459
2013,14,99,105,2410,2019.603,0.193304
2013,15,106,112,2154,2010.871,0.071178
2013,16,113,119,2081,1979.552,0.051248
2013,17,120,126,2003,1945.208,0.029710
2013,18,127,133,1929,1934.216,-0.002697
2013,19,134,140,1973,1919.554,0.027843
2013,20,141,147,1977,1927.462,0.025701
2013,21,148,154,2119,1907.325,0.110980
2013,22,155,161,2121,1873.479,0.132118
2013,23,162,168,1994,1854.132,0.075436
2013,24,169,175,1996,1894.782,0.053419
2013,25,176,182,1830,1947.822,-0.060489
2013,26,183,189,1872,1912.746,-0.021302
2013,27,190,196,1879,1855.363,0.012740
2013,28,197,203,1921,1821.473,0.054641
2013,29,204,210,1971,1847.216,0.067011
2013,30,211,217,1872,1850.661,0.011530
2013,31,218,224,1804,1811.592,-0.004191
2013,32,225,231,1760,1796.071,-0.020083
2013,33,232,238,1808,1799.886,0.004508
2013,34,239,245,1850,1796.255,0.029920
2013,35,246,252,1855,1806.911,0.026614
2013,36,253,259,1781,1826.207,-0.024755
2013,37,260,266,1884,1863.114,0.011210
2013,38,267,273,2041,1911.651,0.067663
2013,39,274,280,1962,1920.286,0.021723
2013,40,281,287,1899,1922.429,-0.012187
2013,41,288,294,2097,1957.481,0.071275
2013,42,295,301,1898,1992.275,-0.047320
2013,43,302,308,1912,2006.548,-0.047119
2013,44,309,315,1914,2000.572,-0.043273
2013,45,316,322,1990,2001.683,-0.005837
2013,46,323,329,2024,2026.235,-0.001103
2013,47,330,336,2093,2076.027,0.008176
2013,48,337,343,2010,2132.985,-0.057659
2013,49,344,350,2145,2186.272,-0.018878
2013,50,351,357,2213,2250.433,-0.016634
2013,51,358,365,2179,2286.943,-0.047200
2014,0,1,7,2597,2302.640,-0.013144
2014,1,8,14,2141,2328.838,-0.080657
2014,2,15,21,2096,2332.574,-0.101422
2014,3,22,28,2103,2329.854,-0.097368
2014,4,29,35,2205,2348.241,-0.060999
2014,5,36,42,2198,2350.895,-0.065037
2014,6,43,49,2230,2354.632,-0.052930
2014,7,50,56,2170,2346.116,-0.075067
2014,8,57,63,2043,2310.851,-0.115910
2014,9,64,70,2150,2259.917,-0.048638
2014,10,71,77,2181,2196.184,-0.006914
2014,11,78,84,2172,2139.714,0.015089
2014,12,85,91,2068,2110.916,-0.020330
2014,13,92,98,2050,2083.091,-0.015885
2014,14,99,105,1991,2055.332,-0.031300
2014,15,106,112,1981,2026.138,-0.022278
2014,16,113,119,1976,1983.864,-0.003964
2014,17,120,126,1926,1945.232,-0.009887
2014,18,127,133,1908,1928.975,-0.010873
2014,19,134,140,2052,1923.411,0.066855
2014,20,141,147,1914,1950.836,-0.018882
2014,21,148,154,1963,1956.750,0.003194
2014,22,155,161,1984,1930.922,0.027488
2014,23,162,168,1807,1893.942,-0.045905
2014,24,169,175,1893,1912.625,-0.010261
2014,25,176,182,1786,1949.050,-0.083656
2014,26,183,189,1906,1918.974,-0.006761
2014,27,190,196,1846,1876.172,-0.016082
2014,28,197,203,2102,1850.671,0.135804
2014,29,204,210,1993,1853.784,0.075098
2014,30,211,217,1832,1845.181,-0.007144
2014,31,218,224,1796,1819.519,-0.012926
2014,32,225,231,1751,1808.903,-0.032010
2014,33,232,238,1798,1813.587,-0.008594
2014,34,239,245,1884,1810.207,0.040765
2014,35,246,252,1875,1823.259,0.028379
2014,36,253,259,1820,1838.495,-0.010060
2014,37,260,266,1861,1874.968,-0.007449
2014,38,267,273,1863,1931.036,-0.035233
2014,39,274,280,1891,1936.743,-0.023618
2014,40,281,287,1870,1933.277,-0.032731
2014,41,288,294,1958,1974.369,-0.008291
2014,42,295,301,1955,1996.358,-0.020717
2014,43,302,308,1954,1995.783,-0.020935
2014,44,309,315,1969,1992.204,-0.011647
2014,45,316,322,1915,2004.590,-0.044693
2014,46,323,329,2088,2025.585,0.030813
2014,47,330,336,2091,2067.578,0.011328
2014,48,337,343,2175,2113.498,0.029099
2014,49,344,350,2286,2177.212,0.049967
2014,50,351,357,2328,2246.415,0.036318
2014,51,358,365,2331,2272.245,0.025858
2015,0,1,7,2873,2277.415,0.103828
2015,1,8,14,2567,2258.858,0.136415
2015,2,15,21,2494,2237.169,0.114802
2015,3,22,28,2593,2239.220,0.157992
2015,4,29,35,2707,2269.612,0.192715
2015,5,36,42,2807,2289.592,0.225983
2015,6,43,49,2776,2321.312,0.195876
2015,7,50,56,2759,2322.267,0.188063
2015,8,57,63,2485,2288.449,0.085888
2015,9,64,70,2442,2264.789,0.078246
2015,10,71,77,2449,2226.871,0.099750
2015,11,78,84,2250,2176.825,0.033616
2015,12,85,91,2176,2135.864,0.018792
2015,13,92,98,2235,2097.895,0.065354
2015,14,99,105,2172,2065.382,0.051622
2015,15,106,112,2107,2034.676,0.035546
2015,16,113,119,2047,2000.369,0.023311
2015,17,120,126,2020,1969.701,0.025537
2015,18,127,133,2078,1955.921,0.062415
2015,19,134,140,1931,1955.802,-0.012681
2015,20,141,147,1895,1974.333,-0.040182
2015,21,148,154,1973,1976.797,-0.001921
2015,22,155,161,1873,1946.108,-0.037566
2015,23,162,168,2024,1898.670,0.066009
2015,24,169,175,1877,1908.464,-0.016486
2015,25,176,182,2051,1934.806,0.060054
2015,26,183,189,2171,1921.268,0.129983
2015,27,190,196,1837,1891.133,-0.028625
2015,28,197,203,1754,1886.995,-0.070480
2015,29,204,210,1725,1885.832,-0.085285
2015,30,211,217,1962,1854.768,0.057814
2015,31,218,224,1902,1821.173,0.044382
2015,32,225,231,1784,1810.412,-0.014589
2015,33,232,238,1871,1823.254,0.026187
2015,34,239,245,1767,1829.890,-0.034368
2015,35,246,252,1896,1840.929,0.029915
2015,36,253,259,1872,1847.833,0.013079
2015,37,260,266,1901,1879.186,0.011608
2015,38,267,273,1979,1936.152,0.022130
2015,39,274,280,1992,1939.251,0.027201
2015,40,281,287,1989,1930.356,0.030380
2015,41,288,294,2084,1963.892,0.061158
2015,42,295,301,2134,1984.876,0.075130
2015,43,302,308,1997,1989.971,0.003532
2015,44,309,315,1891,1989.272,-0.049401
2015,45,316,322,2032,2001.410,0.015284
2015,46,323,329,1980,2037.810,-0.028369
2015,47,330,336,1993,2093.802,-0.048143
2015,48,337,343,2080,2152.799,-0.033816
2015,49,344,350,2109,2216.343,-0.048432
2015,50,351,357,2053,2264.166,-0.093264
2015,51,358,365,2092,2278.036,-0.081665
2016,0,1,7,2501,2299.128,-0.048172
2016,1,8,14,2252,2297.906,-0.019977
2016,2,15,21,2235,2285.205,-0.021970
2016,3,22,28,2293,2309.546,-0.007164
2016,4,29,35,2184,2364.384,-0.076292
2016,5,36,42,2170,2402.451,-0.096756
2016,6,43,49,2120,2433.820,-0.128941
2016,7,50,56,2197,2421.689,-0.092782
2016,8,57,63,2295,2363.318,-0.028908
2016,9,64,70,2351,2328.313,0.009744
2016,10,71,77,2192,2288.355,-0.042107
2016,11,78,84,2384,2220.855,0.073461
2016,12,85,91,2262,2172.203,0.041339
2016,13,92,98,2116,2146.129,-0.014039
2016,14,99,105,2140,2112.857,0.012847
2016,15,106,112,2098,2071.892,0.012601
2016,16,113,119,1987,2024.594,-0.018569
2016,17,120,126,2066,1989.815,0.038288
2016,18,127,133,2117,1971.774,0.073653
2016,19,134,140,1891,1956.365,-0.033412
2016,20,141,147,1968,1966.159,0.000936
2016,21,148,154,1935,1972.666,-0.019094
2016,22,155,161,1812,1951.457,-0.071463
2016,23,162,168,1848,1921.847,-0.038425
2016,24,169,175,1960,1915.756,0.023095
2016,25,176,183,1821,1932.521,-0.057707
2016,26,184,190,2147,1921.667,-0.022398
2016,27,191,197,1937,1872.651,0.034363
2016,28,198,204,2064,1869.970,0.103761
2016,29,205,211,1921,1885.980,0.018569
2016,30,212,218,1799,1874.734,-0.040397
2016,31,219,225,1760,1839.509,-0.043223
2016,32,226,232,1982,1817.489,0.090516
2016,33,233,239,2067,1823.734,0.133389
2016,34,240,246,1929,1829.088,0.054624
2016,35,247,253,1833,1843.076,-0.005467
2016,36,254,260,1943,1844.583,0.053355
2016,37,261,267,1764,1875.735,-0.059569
2016,38,268,274,1912,1939.294,-0.014074
2016,39,275,281,1893,1951.501,-0.029977
2016,40,282,288,2035,1957.312,0.039691
2016,41,289,295,2039,1995.284,0.021910
2016,42,296,302,2034,2008.840,0.012525
2016,43,303,309,2067,1996.600,0.035260
2016,44,310,316,2126,1987.488,0.069692
2016,45,317,323,2166,2003.649,0.081028
2016,46,324,330,2117,2037.973,0.038777
2016,47,331,337,2177,2081.194,0.046034
2016,48,338,344,2232,2130.165,0.047806
2016,49,345,351,2200,2185.111,0.006814
2016,50,352,358,2312,2224.465,0.039351
2016,51,359,366,2405,2255.955,0.066067
2017,0,1,7,2908,2283.269,0.114411
2017,1,8,14,2735,2287.647,0.195551
2017,2,15,21,2645,2293.983,0.153016
2017,3,22,28,2691,2337.535,0.151213
2017,4,29,35,2950,2387.635,0.235532
2017,5,36,42,2691,2419.080,0.112406
2017,6,43,49,2631,2449.514,0.074090
2017,7,50,56,2389,2453.905,-0.026450
2017,8,57,63,2315,2412.438,-0.040390
2017,9,64,70,2138,2371.577,-0.098490
2017,10,71,77,2036,2326.742,-0.124957
2017,11,78,84,2106,2270.749,-0.072553
2017,12,85,91,2068,2220.338,-0.068610
2017,13,92,98,1969,2186.445,-0.099452
2017,14,99,105,1954,2151.176,-0.091660
2017,15,106,112,1917,2092.995,-0.084088
2017,16,113,119,2079,2041.101,0.018568
2017,17,120,126,2091,2019.165,0.035576
2017,18,127,133,2009,1997.361,0.005827
2017,19,134,140,2110,1967.724,0.072305
2017,20,141,147,2009,1965.514,0.022125
2017,21,148,154,1981,1964.489,0.008405
2017,22,155,161,1815,1939.535,-0.064208
2017,23,162,168,1868,1917.970,-0.026054
2017,24,169,175,2101,1915.471,0.096858
2017,25,176,182,1821,1914.393,-0.048785
2017,26,183,189,1901,1910.889,-0.005175
2017,27,190,196,1847,1893.785,-0.024705
2017,28,197,203,1827,1909.558,-0.043234
2017,29,204,210,1897,1905.956,-0.004699
2017,30,211,217,1808,1862.722,-0.029378
2017,31,218,224,1826,1833.053,-0.003848
2017,32,225,231,1784,1844.130,-0.032606
2017,33,232,238,1951,1858.820,0.049591
2017,34,239,245,1924,1848.258,0.040980
2017,35,246,252,1883,1849.649,0.018031
2017,36,253,259,1823,1853.664,-0.016542
2017,37,260,266,1908,1873.443,0.018446
2017,38,267,273,1963,1927.355,0.018495
2017,39,274,280,1955,1951.941,0.001567
2017,40,281,287,2059,1974.390,0.042854
2017,41,288,294,2007,2013.099,-0.003030
2017,42,295,301,1913,2010.105,-0.048309
2017,43,302,308,1892,1997.371,-0.052755
2017,44,309,315,1939,2006.589,-0.033684
2017,45,316,322,2078,2025.983,0.025675
2017,46,323,329,2114,2054.770,0.028826
2017,47,330,336,2080,2091.735,-0.005610
2017,48,337,343,2276,2136.849,0.065120
2017,49,344,350,2325,2186.118,0.063529
2017,50,351,357,2272,2224.760,0.021234
2017,51,358,365,2350,2254.632,0.042299
2018,0,1,7,2678,2339.898,0.001433
2018,1,8,14,2335,2372.206,-0.015684
2018,2,15,21,2339,2383.425,-0.018639
2018,3,22,28,2267,2432.462,-0.068022
2018,4,29,35,2333,2480.269,-0.059376
2018,5,36,42,2389,2467.064,-0.031642
2018,6,43,49,2547,2435.909,0.045606
2018,7,50,56,2691,2396.280,0.122991
2018,8,57,63,3057,2343.940,0.304214
2018,9,64,70,2987,2302.382,0.297352
2018,10,71,77,2684,2267.454,0.183706
2018,11,78,84,2560,2238.896,0.143421
2018,12,85,91,2433,2195.584,0.108133
2018,13,92,98,2212,2158.386,0.024840
2018,14,99,105,2117,2119.290,-0.001080
2018,15,106,112,2055,2067.867,-0.006222
2018,16,113,119,1938,2036.699,-0.048460
2018,17,120,126,1884,2021.183,-0.067872
2018,18,127,133,1979,2006.692,-0.013800
2018,19,134,140,1837,1987.079,-0.075528
2018,20,141,147,1973,1971.493,0.000764
2018,21,148,154,1898,1966.038,-0.034606
2018,22,155,161,1841,1936.460,-0.049296
2018,23,162,168,1710,1925.086,-0.111728
2018,24,169,175,1828,1927.254,-0.051500
2018,25,176,182,1991,1905.851,0.044678
2018,26,183,189,2013,1909.222,0.054356
2018,27,190,196,1856,1901.954,-0.024161
2018,28,197,203,1968,1909.997,0.030368
2018,29,204,210,2164,1895.505,0.141648
2018,30,211,217,2099,1857.666,0.129913
2018,31,218,224,2008,1828.509,0.098163
2018,32,225,231,1838,1835.527,0.001347
2018,33,232,238,1814,1870.248,-0.030075
2018,34,239,245,1854,1874.876,-0.011135
2018,35,246,252,1909,1864.822,0.023690
2018,36,253,259,1830,1858.951,-0.015574
2018,37,260,266,1915,1881.883,0.017598
2018,38,267,273,1888,1926.679,-0.020076
2018,39,274,280,1965,1949.322,0.008043
2018,40,281,287,2040,1978.243,0.031218
2018,41,288,294,1909,2006.518,-0.048601
2018,42,295,301,1922,1992.372,-0.035321
2018,43,302,308,1940,1973.501,-0.016976
2018,44,309,315,2058,1985.261,0.036640
2018,45,316,322,1999,2026.634,-0.013635
2018,46,323,329,2055,2063.057,-0.003905
2018,47,330,336,2097,2098.881,-0.000896
2018,48,337,343,2216,2152.256,0.029617
2018,49,344,350,2217,2203.337,0.006201
2018,50,351,357,2245,2239.381,0.002509
2018,51,358,365,2263,2282.852,-0.008696
2019,0,1,7,2709,2357.739,0.005359
2019,1,8,14,2323,2385.268,-0.026105
2019,2,15,21,2280,2380.931,-0.042391
2019,3,22,28,2419,2404.562,0.006004
2019,4,29,35,2456,2447.539,0.003457
2019,5,36,42,2552,2457.290,0.038542
2019,6,43,49,2399,2453.886,-0.022367
2019,7,50,56,2386,2444.739,-0.024027
2019,8,57,63,2415,2431.261,-0.006688
2019,9,64,70,2375,2393.301,-0.007647
2019,10,71,77,2279,2329.713,-0.021768
2019,11,78,84,2170,2275.042,-0.046171
2019,12,85,91,2059,2202.816,-0.065287
2019,13,92,98,2128,2128.387,-0.000182
2019,14,99,105,2027,2075.751,-0.023486
2019,15,106,112,2077,2036.659,0.019807
2019,16,113,119,2079,2011.387,0.033615
2019,17,120,126,1984,2004.011,-0.009986
2019,18,127,133,2030,1999.363,0.015323
2019,19,134,140,2045,1974.088,0.035921
2019,20,141,147,1985,1953.749,0.015995
2019,21,148,154,1948,1929.177,0.009757
2019,22,155,161,1883,1884.724,-0.000915
2019,23,162,168,1907,1876.053,0.016496
2019,24,169,175,1964,1904.252,0.031376
2019,25,176,182,1960,1919.309,0.021201
2019,26,183,189,1798,1929.048,-0.067934
2019,27,190,196,1888,1909.801,-0.011415
2019,28,197,203,1864,1924.092,-0.031231
2019,29,204,210,2333,1928.078,0.210013
2019,30,211,217,1863,1898.979,-0.018947
2019,31,218,224,1780,1863.658,-0.044889
2019,32,225,231,1753,1853.930,-0.054441
2019,33,232,238,1973,1875.746,0.051848
2019,34,239,245,1920,1878.592,0.022042
2019,35,246,252,1847,1872.783,-0.013767
2019,36,253,259,1828,1867.068,-0.020925
2019,37,260,266,1962,1880.488,0.043346
2019,38,267,273,1910,1913.793,-0.001982
2019,39,274,280,2008,1948.392,0.030594
2019,40,281,287,1962,1983.298,-0.010739
2019,41,288,294,2008,1995.437,0.006296
2019,42,295,301,2035,1988.710,0.023277
2019,43,302,308,1977,1983.196,-0.003124
2019,44,309,315,1926,2001.537,-0.037739
2019,45,316,322,2089,2035.683,0.026191
2019,46,323,329,2225,2068.285,0.075771
2019,47,330,336,2051,2110.472,-0.028179
2019,48,337,343,2211,2176.556,0.015825
2019,49,344,350,2287,2221.783,0.029354
2019,50,351,357,2280,2251.065,0.012854
2019,51,358,365,2128,2298.133,-0.074031
2020,0,1,7,2692,2367.178,-0.004933
2020,1,8,14,2308,2416.810,-0.045022
2020,2,15,21,2280,2423.565,-0.059237
2020,3,22,28,2214,2458.313,-0.099383
2020,4,29,35,2353,2504.748,-0.060584
2020,5,36,42,2185,2514.155,-0.130921
2020,6,43,49,2305,2499.546,-0.077833
2020,7,50,56,2332,2493.553,-0.064788
2020,8,57,63,2234,2489.700,-0.102703
2020,9,64,70,2189,2438.154,-0.102190
2020,10,71,77,2299,2351.286,-0.022237
2020,11,78,84,2802,2280.270,0.228802
2020,12,85,91,3603,2206.004,0.633270
2020,13,92,98,4169,2137.829,0.950110
2020,14,99,105,4139,2087.704,0.982561
2020,15,106,112,3429,2053.187,0.670087
2020,16,113,119,2754,2029.391,0.357058
2020,17,120,126,2311,2020.469,0.143794
2020,18,127,133,2284,2014.629,0.133708
2020,19,134,140,2046,1982.392,0.032087
2020,20,141,147,2071,1959.932,0.056669
2020,21,148,154,1890,1926.736,-0.019067
2020,22,155,161,1810,1879.169,-0.036808
2020,23,162,168,1931,1885.350,0.024213
2020,24,169,175,1809,1922.931,-0.059248
2020,25,176,183,1916,1935.566,-0.010109
2020,26,184,190,1951,1927.446,-0.114307
2020,27,191,197,1771,1900.452,-0.068116
2020,28,198,204,1855,1917.474,-0.032582
2020,29,205,211,1855,1952.641,-0.050004
2020,30,212,218,1956,1915.851,0.020956
2020,31,219,225,2671,1865.808,0.431551
2020,32,226,232,2491,1861.711,0.338017
2020,33,233,239,1993,1894.745,0.051856
2020,34,240,246,1829,1888.946,-0.031735
2020,35,247,253,1873,1873.214,-0.000114
2020,36,254,260,1963,1871.588,0.048842
2020,37,261,267,1918,1893.474,0.012953
2020,38,268,274,1931,1928.875,0.001102
2020,39,275,281,1973,1967.077,0.003011
2020,40,282,288,2102,2000.666,0.050650
2020,41,289,295,2376,2008.892,0.182742
2020,42,296,302,3001,2000.262,0.500303
2020,43,303,309,3540,1988.181,0.780522
2020,44,310,316,3659,2007.196,0.822941
2020,45,317,323,3293,2057.265,0.600669
2020,46,324,330,2997,2088.039,0.435318
2020,47,331,337,2748,2115.141,0.299204
2020,48,338,344,2724,2178.753,0.250256
2020,49,345,351,2816,2220.291,0.268302
2020,50,352,358,2707,2237.654,0.209749
2020,51,359,366,2502,2280.992,0.096891
2021,0,1,7,2780,2360.235,0.030618
2021,1,8,14,2417,2374.137,0.018054
2021,2,15,21,2433,2370.825,0.026225
2021,3,22,28,2390,2390.662,-0.000277
2021,4,29,35,2297,2420.672,-0.051090
2021,5,36,42,2212,2410.876,-0.082491
2021,6,43,49,2347,2401.965,-0.022883
2021,7,50,56,2159,2414.119,-0.105678
2021,8,57,63,2062,2430.889,-0.151751
2021,9,64,70,2125,2395.243,-0.112825
2021,10,71,77,2121,2355.265,-0.099465
2021,11,78,84,2070,2401.152,-0.137914
2021,12,85,91,2248,2469.898,-0.089841
2021,13,92,98,2203,2493.954,-0.116664
2021,14,99,105,2147,2441.983,-0.120797
2021,15,106,112,2211,2317.031,-0.045761
2021,16,113,119,2245,2183.259,0.028279
2021,17,120,126,2169,2097.668,0.034005
2021,18,127,133,2174,2057.692,0.056523
2021,19,134,140,2048,2012.273,0.017755
2021,20,141,147,1977,1979.591,-0.001309
2021,21,148,154,2023,1923.727,0.051605
2021,22,155,161,1918,1865.320,0.028242
2021,23,162,168,1893,1869.113,0.012780
2021,24,169,175,1851,1903.416,-0.027538
2021,25,176,182,1857,1897.122,-0.021149
2021,26,183,189,1850,1872.151,-0.011832
2021,27,190,196,1885,1877.272,0.004117
2021,28,197,203,2004,1928.467,0.039167
2021,29,204,210,1897,1973.046,-0.038542
2021,30,211,217,1895,1959.848,-0.033088
2021,31,218,224,1902,1975.632,-0.037270
2021,32,225,231,1847,1973.163,-0.063939
2021,33,232,238,1863,1945.304,-0.042309
2021,34,239,245,1900,1903.216,-0.001690
2021,35,246,252,2014,1878.574,0.072090
2021,36,253,259,1932,1880.461,0.027408
2021,37,260,266,1867,1896.965,-0.015796
2021,38,267,273,1921,1924.915,-0.002034
2021,39,274,280,2007,1969.589,0.018994
2021,40,281,287,2194,2028.129,0.081785
2021,41,288,294,2316,2089.594,0.108349
2021,42,295,301,2309,2178.875,0.059721
2021,43,302,308,2296,2269.296,0.011767
2021,44,309,315,2364,2319.911,0.019004
2021,45,316,322,2394,2320.402,0.031718
2021,46,323,329,2404,2292.292,0.048732
2021,47,330,336,2704,2275.123,0.188507
2021,48,337,343,2677,2317.211,0.155268
2021,49,344,350,2516,2355.253,0.068250
2021,50,351,357,2502,2356.057,0.061944
2021,51,358,365,2454,2346.515,0.045806
2022,0,1,7,2681,2396.091,-0.020957
2022,1,8,14,2221,2411.449,-0.078977
2022,2,15,21,2349,2404.109,-0.022923
2022,3,22,28,2505,2415.486,0.037059
2022,4,29,35,2620,2440.163,0.073699
2022,5,36,42,2557,2430.845,0.051898
2022,6,43,49,2483,2424.250,0.024234
2022,7,50,56,2270,2409.253,-0.057799
2022,8,57,63,2207,2396.256,-0.078980
2022,9,64,70,2376,2357.298,0.007934
2022,10,71,77,2395,2322.449,0.031239
2022,11,78,84,2407,2365.325,0.017619
2022,12,85,91,2453,2457.846,-0.001972
2022,13,92,98,2548,2501.447,0.018611
2022,14,99,105,2482,2452.864,0.011878
2022,15,106,112,2316,2341.237,-0.010780
2022,16,113,119,2258,2219.156,0.017504
2022,17,120,126,2216,2123.509,0.043556
2022,18,127,133,2076,2076.437,-0.000210
2022,19,134,140,2130,2031.814,0.048324
2022,20,141,147,1902,1992.403,-0.045374
2022,21,148,154,2000,1938.635,0.031654
2022,22,155,161,1985,1881.544,0.054985
2022,23,162,168,2059,1874.006,0.098716
2022,24,169,175,2034,1896.586,0.072454
2022,25,176,182,1993,1894.402,0.052047
2022,26,183,189,1999,1867.827,0.070227
2022,27,190,196,2040,1868.090,0.092024
2022,28,197,203,2133,1919.324,0.111329
2022,29,204,210,2015,1972.676,0.021455
2022,30,211,217,2068,1973.933,0.047654
2022,31,218,224,2086,1987.007,0.049820
2022,32,225,231,2169,1957.175,0.108230
2022,33,232,238,2067,1918.892,0.077184
2022,34,239,245,1974,1898.656,0.039683
2022,35,246,252,2010,1894.345,0.061052
2022,36,253,259,1927,1892.236,0.018372
2022,37,260,266,1992,1908.451,0.043779
2022,38,267,273,2107,1936.410,0.088096
2022,39,274,280,2162,1990.319,0.086258
2022,40,281,287,2262,2063.115,0.096400
2022,41,288,294,2193,2138.562,0.025455
2022,42,295,301,2164,2231.177,-0.030108
2022,43,302,308,2022,2317.813,-0.127626
2022,44,309,315,2049,2367.050,-0.134365
2022,45,316,322,2050,2370.491,-0.135200
2022,46,323,329,2194,2358.432,-0.069721
2022,47,330,336,2222,2363.530,-0.059881
2022,48,337,343,2440,2402.200,0.015735
2022,49,344,350,2640,2418.336,0.091660
2022,50,351,357,3015,2394.754,0.259002
2022,51,358,365,2857,2373.390,0.203763
2023,0,1,7,3186,2377.932,0.172342
2023,1,8,14,2656,2339.042,0.135507
2023,2,15,21,2339,2340.341,-0.000573
2023,3,22,28,2315,2365.481,-0.021340
2023,4,29,35,2374,2390.637,-0.006959
2023,5,36,42,2326,2394.282,-0.028519
2023,6,43,49,2399,2396.022,0.001243
2023,7,50,56,2290,2386.153,-0.040296
2023,8,57,63,2323,2391.858,-0.028788
2023,9,64,70,2397,2393.315,0.001540
2023,10,71,77,2300,2384.120,-0.035283
2023,11,78,84,2252,2432.935,-0.074369
2023,12,85,91,2233,2540.370,-0.120994
2023,13,92,98,2094,2603.998,-0.195852
2023,14,99,105,2081,2552.691,-0.184782
2023,15,106,112,2039,2416.440,-0.156197
2023,16,113,119,1971,2263.596,-0.129261
2023,17,120,126,1966,2149.082,-0.085191
2023,18,127,133,2066,2090.093,-0.011527
2023,19,134,140,2029,2032.644,-0.001793
2023,20,141,147,1922,1984.578,-0.031532
2023,21,148,154,1930,1944.331,-0.007371
2023,22,155,161,2115,1907.343,0.108873
2023,23,162,168,2137,1898.594,0.125570
2023,24,169,175,1920,1907.672,0.006462
2023,25,176,182,1916,1914.696,0.000681
2023,26,183,189,1937,1895.343,0.021979
2023,27,190,196,1970,1907.075,0.032996
2023,28,197,203,1748,1965.650,-0.110727
2023,29,204,210,1851,2012.317,-0.080165
2023,30,211,217,1774,2020.180,-0.121860
2023,31,218,224,1907,2043.447,-0.066773
2023,32,225,231,1948,2014.122,-0.032829
2023,33,232,238,1948,1952.052,-0.002076
2023,34,239,245,1823,1916.912,-0.048991
2023,35,246,252,2022,1914.967,0.055893
2023,36,253,259,2081,1913.122,0.087751
2023,37,260,266,1868,1929.638,-0.031943
2023,38,267,273,1970,1965.432,0.002324
2023,39,274,280,1974,2028.023,-0.026638
2023,40,281,287,1986,2103.056,-0.055660
2023,41,288,294,2125,2179.343,-0.024935
2023,42,295,301,2180,2272.027,-0.040504
2023,43,302,308,2053,2347.980,-0.125631
2023,44,309,315,2056,2384.157,-0.137641
2023,45,316,322,2221,2377.603,-0.065866
2023,46,323,329,2221,2372.856,-0.063997
2023,47,330,336,2275,2390.167,-0.048184
2023,48,337,343,2410,2443.073,-0.013538
2023,49,344,350,2450,2494.001,-0.017643
2023,50,351,357,2451,2506.207,-0.022028
2023,51,358,365,2430,2447.929,-0.007324
2024,0,1,7,2710,2445.474,-0.030352
2024,1,8,14,2543,2392.318,0.062986
2024,2,15,21,2616,2359.327,0.108791
2024,3,22,28,2607,2373.297,0.098472
2024,4,29,35,2529,2393.385,0.056662
2024,5,36,42,2437,2381.501,0.023304
2024,6,43,49,2329,2356.989,-0.011875
2024,7,50,56,2206,2302.994,-0.042116
2024,8,57,63,2244,2271.037,-0.011905
2024,9,64,70,2215,2280.284,-0.028630
2024,10,71,77,2145,2300.679,-0.067666
2024,11,78,84,2103,2372.380,-0.113548
2024,12,85,91,2167,2499.077,-0.132880
2024,13,92,98,2131,2580.002,-0.174032
2024,14,99,105,2107,2542.230,-0.171200
2024,15,106,112,2085,2414.539,-0.136481
2024,16,113,119,2121,2270.130,-0.065692
2024,17,120,126,2104,2163.503,-0.027503
2024,18,127,133,1945,2111.204,-0.078725
2024,19,134,140,2031,2053.964,-0.011180
2024,20,141,147,1850,1991.347,-0.070981
2024,21,148,154,1887,1960.434,-0.037458
2024,22,155,161,1953,1955.819,-0.001441
2024,23,162,168,2055,1957.694,0.049704
2024,24,169,175,2067,1933.801,0.068879
2024,25,176,183,2137,1910.322,0.118659
2024,26,184,190,2211,1888.993,0.024157
2024,27,191,197,1945,1903.208,0.021959
2024,28,198,204,2045,1932.849,0.058024
2024,29,205,211,2049,1956.274,0.047399
2024,30,212,218,2036,1968.402,0.034342
2024,31,219,225,2002,2022.750,-0.010258
2024,32,226,232,1913,2025.022,-0.055319
2024,33,233,239,1940,1969.070,-0.014763
2024,34,240,246,1904,1926.667,-0.011765
2024,35,247,253,1855,1936.681,-0.042176
2024,36,254,260,1958,1941.406,0.008548
2024,37,261,267,2056,1940.684,0.059421
2024,38,268,274,2063,1972.768,0.045739
2024,39,275,281,2106,2030.985,0.036935
2024,40,282,288,2140,2109.440,0.014487
2024,41,289,295,2081,2210.742,-0.058687
2024,42,296,302,2142,2312.556,-0.073752
2024,43,303,309,2023,2372.869,-0.147445
2024,44,310,316,2015,2401.148,-0.160818
2024,45,317,323,2168,2408.548,-0.099873
2024,46,324,330,2234,2408.549,-0.072471
2024,47,331,337,2235,2426.370,-0.078871
2024,48,338,344,2277,2482.853,-0.082910
2024,49,345,351,2378,2537.070,-0.062698
2024,50,352,358,2470,2547.859,-0.030559
2024,51,359,366,2459,2496.733,-0.015113
2025,0,1,7,3179,2473.051,0.124775
2025,1,8,14,2836,2431.939,0.166147
2025,2,15,21,2714,2411.811,0.125296
2025,3,22,28,2888,2411.177,0.197756
2025,4,29,35,2832,2405.169,0.177464
2025,5,36,42,2627,2370.218,0.108337
2025,6,43,49,2607,2336.111,0.115957
2025,7,50,56,2539,2272.827,0.117111
2025,8,57,63,2350,2237.548,0.050257
2025,9,64,70,2355,2249.320,0.046983
2025,10,71,77,2208,2276.657,-0.030157
2025,11,78,84,2277,2363.814,-0.036726
2025,12,85,91,2168,2506.676,-0.135109
2025,13,92,98,2098,2588.619,-0.189529
2025,14,99,105,2021,2551.373,-0.207877
2025,15,106,112,2059,2421.449,-0.149683
2025,16,113,119,2132,2280.141,-0.064970
2025,17,120,126,1972,2173.477,-0.092698
2025,18,127,133,2047,2107.154,-0.028548
2025,19,134,140,2039,2042.790,-0.001855
2025,20,141,147,2040,1974.416,0.033217
2025,21,148,154,1969,1951.971,0.008724
2025,22,155,161,1823,1966.647,-0.073042
2025,23,162,168,2011,1980.863,0.015214
2025,24,169,175,2009,1959.819,0.025095
2025,25,176,182,1962,1939.837,0.011425
2025,26,183,189,1860,1914.536,-0.028485
2025,27,190,196,1870,1922.952,-0.027537
2025,28,197,203,1928,1941.928,-0.007172
2025,29,204,210,1890,1945.363,-0.028459
2025,30,211,217,1864,1984.321,-0.060636
2025,31,218,224,2029,2058.722,-0.014437
2025,32,225,231,1979,2050.274,-0.034763
2025,33,232,238,1881,1973.389,-0.046817
2025,34,239,245,1880,1925.228,-0.023493
2025,35,246,252,1950,1942.979,0.003613
2025,36,253,259,1937,1959.635,-0.011551
2025,37,260,266,2055,1963.460,0.046622
2025,38,267,273,2039,1998.151,0.020443
2025,39,274,280,2007,2056.626,-0.024130
2025,40,281,287,2093,2136.153,-0.020201
2025,41,288,294,2166,2231.689,-0.029435
2025,42,295,301,2089,2329.847,-0.103375
2025,43,302,308,2170,2387.089,-0.090943
2025,44,309,315,2032,2416.263,-0.159032
2025,45,316,322,2066,2421.925,-0.146960
2025,46,323,329,2233,2422.147,-0.078091
2025,47,330,336,2229,2448.915,-0.089801
2025,48,337,343,2176,2502.901,-0.130609
2025,49,344,350,2273,2560.093,-0.112142
2025,50,351,357,2154,2586.407,-0.167184
2025,51,358,365,2311,2539.859,-0.090107
